Product Name,Terjual,Rating,Dapatkan Diskon!,Dapatkan Cashback,Harga Sekarang!,Lokasi_Penjual
SAMARA DRESS 3TONE (SILVER ALMOND KHAKIS) / GAMIS MUSLIM WANITA - XS,Terjual 4,,,,Rp 295.000,
DAYU ALMOND / DRESS MUSLIM WANITA / GAMIS MUSLIM WANITA / DRESS MUSLIM - XS,Terjual 12,5.0,,,Rp 285.000,
KYANA ALMOND KHAKIS / DRESS MUSLIM WANITA / GAMIS MUSLIMAH - XS,Terjual 5,5.0,,,Rp 295.000,
"Koko Pria Lengan Panjang Arra Series Salman Premium Oxford Denim - Broken White, S",,,,,Rp159.000,Kab. Bandung Barat
"Kemeja Koko Kurta Pria Lengan Pendek Baju Koko Dewasa Pakistan Terbaru - maroon, XL",Terjual 18,4.7,,Diskon 3%,Rp150.000,Bandung
Kemeja Koko Kemko Lengan Pendek Arra Ghazi Premium Kemko Pakistan,Terjual 250+,5.0,,Cashback 2%,Rp149.000,Bandung
Baju Koko Kemeja Daily Muslim Arra Daud Taqwa Pria Premium Quality,Terjual 100+,5.0,,,Rp132.000,Bandung
Baju Koko Kemeja Daily Muslim Arra Daud Taqwa Pria Dewasa Premium,Terjual 250+,5.0,,Cashback 2%,Rp139.000,Bandung
BATIK MODERN PRIA WANITA / SET BAJU COUPLE KELUARGA / BAJU LEBARAN -,,,,,Rp362.000,Jakarta Timur
ELEGAN COUPLE BUSANA LEBARAN MUSLIM GAMIS PUTIH WANITA DAN KEMEJA PRIA,,,,,Rp231.000,Depok
AMEENA BAJU LEBARAN COUPLE SUAMI ISTRI / SET BAJU KEMBARAN PRIA WANITA,,,,,Rp231.000,Jakarta Barat
Termurah Set Couple Batik Pria Wanita Terbaru/ Baju Lebaran Couple,,,,,Rp379.000,Jakarta Barat
Baju Couple Lebaran Pasangan Pria Dan Wanita Kaftan Dan Koko Kaftani,,,,,Rp219.000,Jakarta Barat
BAJU LEBARAN COUPLE SUAMI ISTRI/ SET BAJU KEMBARAN PRIA WANITA/ CP,,,,,Rp229.000,Jakarta Barat
KW746 Kaos Baju Lebaran Text Kata Premium Distro kaos pria wanita Tshi,,,,,Rp109.000,Jakarta Barat
QR568 Kaos Baju Lebaran Text Kata Premium Distro kaos pria wanita Tshi,,,,,Rp109.000,Jakarta Barat
GK462 Kaos Baju Lebaran Text Kata Premium Distro kaos pria wanita Tshi,,,,,Rp109.000,Jakarta Barat
DM686 Kaos Baju Lebaran Text Kata Premium Distro kaos pria wanita Tshi,,,,,Rp109.000,Jakarta Barat
baju koko muslim hitam lengan pendek kemeja koko slim fit houseofcuff - XL,Terjual 80+,4.8,37%,,Rp175.000,Jakarta Barat
Baju Kemeja Koko Kemko Kurta Pakistan Lengan Pendek Arra Dzaky Premium,Terjual 250+,5.0,,Cashback 2%,Rp149.000,Bandung
Kemeja Baju Koko Muslim Daily Lengan Pendek Arra Series Daud Premium,Terjual 100+,4.9,,,Rp132.000,Bandung
Baju Koko Daily Arra Muslim Taqwa Pria Dewasa Polos Lengan Pendek,Terjual 250+,5.0,,Cashback 2%,Rp325.000,Bandung
Kemeja Koko Pria Arra Salman Lengan Panjang Premium,Terjual 250+,4.9,,Cashback 2%,Rp159.000,Bandung
FW841 Kaos Baju Lebaran Text Kata Premium Distro kaos pria wanita Tshi,,,,,Rp109.000,Jakarta Barat
UI556 Kaos Baju Lebaran Text Kata Premium Distro kaos pria wanita Tshi,,,,,Rp109.000,Jakarta Barat
FZ384 Kaos Baju Lebaran Text Kata Premium Distro kaos pria wanita Tshi,,,,,Rp109.000,Jakarta Barat
DT658 Kaos Baju Lebaran Text Kata Premium Distro kaos pria wanita Tshi,,,,,Rp109.000,Jakarta Barat
QR978 Kaos Baju Lebaran Text Kata Premium Distro kaos pria wanita Tshi,,,,,Rp109.000,Jakarta Barat
UU779 Kaos Baju Lebaran Text Kata Premium Distro kaos pria wanita Tshi,,,,,Rp109.000,Jakarta Barat
Kimono jepang pria wanita baju lebaran modern harajuku M L XL XXL 2XL,,,,,Rp309.000,Kab. Bekasi
baju couple lebaran 2022 pasangan pria wanita kapelan keluarga,,,,,Rp221.000,Jakarta Barat
Baju Kaos Atasan Muslim Lebaran Keluarga Wanita Pria / Baju Kaos,,,,,Rp190.000,Jakarta Pusat
YD122 Kaos Baju Lebaran Text Kata Premium Distro kaos pria wanita Tshi,,,,,Rp109.000,Jakarta Barat
"Baju Gamis Putih Lebaran Umroh Haji / Busana Muslim Wanita #859 - Putih, XL",,,79%,,Rp187.210,Jakarta Utara
Gamis Wanita Premium Tile Aruna - Emikoawa Dress Gamis Lebaran Korea,Terjual 100+,5.0,50%,,Rp175.000,Jakarta Utara
Baju Gamis Wanita Lebaran Terbaru 2023 Yoora Korea Syari - Hitam,,,,,Rp197.500,Kab. Bandung
"Gamis Putih Pengajian Polos Baju Gamis Syar'i Wanita Lebaran 2023 - Putih, S",Terjual 100+,4.8,5%,,Rp85.025,Kab. Bandung
Gamis Brukat Hitam Wanita/Baju Muslim Umroh/Gamis Muslim Lebaran 055H,Terjual 20,5.0,,,Rp182.700,Jakarta Utara
PA220 Kaos Baju Lebaran Text Kata Premium Distro kaos pria wanita Tshi,,,,,Rp109.000,Jakarta Barat
SS417 Kaos Baju Lebaran Text Kata Premium Distro kaos pria wanita Tshi,,,,,Rp109.000,Jakarta Barat
STY Busana muslim lebaran Baju couple sepasang pria wanita Cp family,,,,,Rp423.000,Jakarta Timur
BAJU LEBARAN COUPLE/ SET BAJU MUSLIM PRIA WANITA/ HIDAYAH - TT/ KAFTAN,,,,,Rp286.000,Surabaya
Baju Couple Lebaran Pria dan Wanita Baju Muslim Lebaran Syafiqa Polos,,,,,Rp137.000,Jakarta Pusat
"Kaos Distro Pria Wanita ""Baju Lebaran"" Tumblr Tee Triple D",,,,,Rp112.000,Jakarta Barat
SPESIAL BAJU LEBARAN COUPLE / COUPLE PASANGANG WANITA PRIA / CP SET,,,,,Rp230.000,Jakarta Utara
Baju Couple Muslim Pria dan Wanita Terbaru Baju Couple Lebaran Mileena,,,,,Rp154.000,Jakarta Pusat
AMEENA BAJU LEBARAN COUPLE SUAMI ISTRI / SET BAJU KEMBARAN PRIA WANITA,,,,,Rp261.000,Tangerang
ELEGAN COUPLE BUSANA LEBARAN MUSLIM GAMIS PUTIH WANITA DAN KEMEJA PRIA,,,,,Rp143.000,Depok
"Kaos Keren ""Baju Lebaran Pluralisme"" Pria Wanita Bahan Combed 30S",,,,,Rp250.000,Surabaya
SPESIAL BAJU LEBARAN COUPLE / COUPLE PASANGANG WANITA PRIA / CP SET,,,,,Rp257.900,Surabaya
Baju Couple Muslim Pria dan Wanita Lebaran Baju Pasangan Agoda Brukat,,,,,Rp160.000,Jakarta Pusat
baru BATIK MODERN PRIA WANITA / BAJU COUPLE KELUARGA / BAJU LEBARAN -,,,,,Rp263.000,Kab. Bogor
baju couple lebaran 2022 pasangan pria wanita kapelan keluarga Murah,,,,,Rp267.400,Jakarta Timur
baru Set Couple Batik Pria Wanita / Baju Lebaran Couple Family - NEW,,,,,Rp256.000,Kab. Bogor
Set Couple Batik Pria Wanita / Baju Lebaran Couple Family - NEW Series,,,,,Rp374.000,Surabaya
Kaos Kata Kata Distro Baju Lebaran Keren Original Pria Wanita,,,,,Rp99.000,Tangerang
BAJU KAOS ATASAN MUSLIM LEBARAN KELUARGA WANITA PRIA / BAJU KAOS,,,,,Rp136.000,Jakarta Utara
baju kaos latahzan DONT BE SAD islam lebaran combed 30s pria wanita,,,,Cashback 10 rb,Rp45.800,Depok
KAOS DISTRO PRIA WANITA KURT COBAIN X PULL&BEAR - BAJU LEBARAN PRIA,,,,,Rp45.000,Jakarta Selatan
Populer baju couple sepasang pria wanita edisi lebaran dress terbaru,,,,,Rp246.000,Jakarta Barat
Baju Couple Muslim Batik Pria dan Wanita Baju Lebaran Couple Elegan,,,,,Rp167.000,Jakarta Pusat
Baju Couple Muslim Katun Rayon Baju Couple Lebaran Pria Wanita Scorpi,,,,,Rp160.000,Jakarta Pusat
Baju Couple Lebaran Muslim Pasangan Pria dan Wanita Couple Zulaikha,,,,,Rp169.000,Jakarta Pusat
Baju Kaos Pria Dewasa Wanita Anak Muslim Ramadan Lebaran Idul Fitri,,,,,Rp104.000,Jakarta Selatan
Baju Kaos Pria Dewasa Wanita Anak Muslim Ramadan Idul Fitri Lebaran,,,,,Rp100.000,Jakarta Selatan
DK450LO/ KAOS LEBARAN / BAJU LEBARAN / KAOS DISTRO PRIA WANITA LEBARAN,Terjual 15,5.0,,Diskon 2%,Rp49.900,Kab. Tangerang
Baju pakaian pria wanita couple muslim lebaran sepasang 016,,,,,Rp168.000,Bandung
S067 bukan baju lebaran bukan kaos lebaran pria wanita,,,,,Rp50.000,Kab. Cianjur
Kemeja pendek pria wanita modern retro vintage putih casual lebaran,,,,,Rp199.999,Jakarta Selatan
Baju kaos muslim lebaran Eid Mubarak Pria Wanita Terbaru,Terjual 18,4.0,,Cashback 5 rb,Rp29.900,Jakarta Barat
Kaos Distro Kata Baju Lebaran Cotton Combed Premium 24s Pria Wanita,Terjual 11,5.0,,,Rp75.000,Bekasi
Baju Kaos Pria wanita Lebaran Idul Adha Cotton Combed 30s,,,,,Rp18.900,Jakarta Pusat
BATIK MODERN PRIA WANITA / SET BAJU COUPLE KELUARGA / BAJU LEBARAN -,,,,,Rp368.000,Jakarta Utara
Kemeja set celana pendek retro vintage lebaran pria wanita import sale,,,,,Rp265.000,Jakarta Selatan
KAOS COTTON COMBED 30S BAJU LEBARAN TAHUN LALU PRIA WANITA,,,,,Rp50.000,Jakarta Timur
KAOS KATA - BAJU BARU - T SHIRT PRIA WANITA - LEBARAN,,,,,Rp110.000,Palembang
Kaos Baju Pakaian LEBARAN Pria Wanita,,,,,Rp110.000,Jakarta Timur
Hampers / Parcel Lebaran Baju Polos Lengan Pendek Panjang Pria Wanita,Terjual 16,3.9,,Diskon 10 rb,Rp250.000,Jakarta Timur
Gamis Wanita Polos Crinkle/ Gamis Lebaran terbaru/ Gamis Arumi - Mint,,,,,Rp91.120,Bandung
Gamis Brukat Hitam Wanita/Baju Muslim Umroh/Gamis Muslim Lebaran 008H,Terjual 16,5.0,,,Rp165.200,Jakarta Utara
"Baju Gamis Putih/Busana Muslim Lebaran Haji/Baju Muslim Wanita #877STD - Putih PREMIUM, M",Terjual 500+,5.0,74%,,Rp196.110,Jakarta Utara
Gamis Brukat Hitam Wanita/Baju Muslim Umroh/Gamis Muslim Lebaran 230H - M,Terjual 18,4.9,,,Rp191.400,Jakarta Utara
Baju Gamis Terbaru 2023 Lebaran Wanita Kekinian Bahan Crap Premium,Terjual 100+,4.8,,Diskon Bundling,Rp112.000,Kab. Pekalongan
SAMARA DRESS 3TONE (SILVER ALMOND KHAKIS) / GAMIS MUSLIM WANITA - XS,Terjual 4,,,,Rp 295.000,
DAYU ALMOND / DRESS MUSLIM WANITA / GAMIS MUSLIM WANITA / DRESS MUSLIM - XS,Terjual 12,5.0,,,Rp 285.000,
KYANA ALMOND KHAKIS / DRESS MUSLIM WANITA / GAMIS MUSLIMAH - XS,Terjual 5,5.0,,,Rp 295.000,
"Koko Pria Lengan Panjang Arra Series Salman Premium Oxford Denim - Broken White, S",,,,,Rp159.000,Kab. Bandung Barat
"Kemeja Koko Kurta Pria Lengan Pendek Baju Koko Dewasa Pakistan Terbaru - maroon, XL",Terjual 18,4.7,,Diskon 3%,Rp150.000,Bandung
Kemeja Koko Kemko Lengan Pendek Arra Ghazi Premium Kemko Pakistan,Terjual 250+,5.0,,Cashback 2%,Rp149.000,Bandung
Baju Koko Kemeja Daily Muslim Arra Daud Taqwa Pria Premium Quality,Terjual 100+,5.0,,,Rp132.000,Bandung
Baju Koko Kemeja Daily Muslim Arra Daud Taqwa Pria Dewasa Premium,Terjual 250+,5.0,,Cashback 2%,Rp139.000,Bandung
BATIK MODERN PRIA WANITA / SET BAJU COUPLE KELUARGA / BAJU LEBARAN -,,,,,Rp362.000,Jakarta Timur
ELEGAN COUPLE BUSANA LEBARAN MUSLIM GAMIS PUTIH WANITA DAN KEMEJA PRIA,,,,,Rp231.000,Depok
AMEENA BAJU LEBARAN COUPLE SUAMI ISTRI / SET BAJU KEMBARAN PRIA WANITA,,,,,Rp231.000,Jakarta Barat
Termurah Set Couple Batik Pria Wanita Terbaru/ Baju Lebaran Couple,,,,,Rp379.000,Jakarta Barat
Baju Couple Lebaran Pasangan Pria Dan Wanita Kaftan Dan Koko Kaftani,,,,,Rp219.000,Jakarta Barat
BAJU LEBARAN COUPLE SUAMI ISTRI/ SET BAJU KEMBARAN PRIA WANITA/ CP,,,,,Rp229.000,Jakarta Barat
KW746 Kaos Baju Lebaran Text Kata Premium Distro kaos pria wanita Tshi,,,,,Rp109.000,Jakarta Barat
QR568 Kaos Baju Lebaran Text Kata Premium Distro kaos pria wanita Tshi,,,,,Rp109.000,Jakarta Barat
GK462 Kaos Baju Lebaran Text Kata Premium Distro kaos pria wanita Tshi,,,,,Rp109.000,Jakarta Barat
DM686 Kaos Baju Lebaran Text Kata Premium Distro kaos pria wanita Tshi,,,,,Rp109.000,Jakarta Barat
baju koko muslim hitam lengan pendek kemeja koko slim fit houseofcuff - XL,Terjual 80+,4.8,37%,,Rp175.000,Jakarta Barat
Baju Kemeja Koko Kemko Kurta Pakistan Lengan Pendek Arra Dzaky Premium,Terjual 250+,5.0,,Cashback 2%,Rp149.000,Bandung
Kemeja Baju Koko Muslim Daily Lengan Pendek Arra Series Daud Premium,Terjual 100+,4.9,,,Rp132.000,Bandung
Baju Koko Daily Arra Muslim Taqwa Pria Dewasa Polos Lengan Pendek,Terjual 250+,5.0,,Cashback 2%,Rp325.000,Bandung
Kemeja Koko Pria Arra Salman Lengan Panjang Premium,Terjual 250+,4.9,,Cashback 2%,Rp159.000,Bandung
FW841 Kaos Baju Lebaran Text Kata Premium Distro kaos pria wanita Tshi,,,,,Rp109.000,Jakarta Barat
UI556 Kaos Baju Lebaran Text Kata Premium Distro kaos pria wanita Tshi,,,,,Rp109.000,Jakarta Barat
FZ384 Kaos Baju Lebaran Text Kata Premium Distro kaos pria wanita Tshi,,,,,Rp109.000,Jakarta Barat
DT658 Kaos Baju Lebaran Text Kata Premium Distro kaos pria wanita Tshi,,,,,Rp109.000,Jakarta Barat
QR978 Kaos Baju Lebaran Text Kata Premium Distro kaos pria wanita Tshi,,,,,Rp109.000,Jakarta Barat
UU779 Kaos Baju Lebaran Text Kata Premium Distro kaos pria wanita Tshi,,,,,Rp109.000,Jakarta Barat
Kimono jepang pria wanita baju lebaran modern harajuku M L XL XXL 2XL,,,,,Rp309.000,Kab. Bekasi
baju couple lebaran 2022 pasangan pria wanita kapelan keluarga,,,,,Rp221.000,Jakarta Barat
Baju Kaos Atasan Muslim Lebaran Keluarga Wanita Pria / Baju Kaos,,,,,Rp190.000,Jakarta Pusat
YD122 Kaos Baju Lebaran Text Kata Premium Distro kaos pria wanita Tshi,,,,,Rp109.000,Jakarta Barat
"Baju Gamis Putih Lebaran Umroh Haji / Busana Muslim Wanita #859 - Putih, XL",,,79%,,Rp187.210,Jakarta Utara
Gamis Wanita Premium Tile Aruna - Emikoawa Dress Gamis Lebaran Korea,Terjual 100+,5.0,50%,,Rp175.000,Jakarta Utara
Baju Gamis Wanita Lebaran Terbaru 2023 Yoora Korea Syari - Hitam,,,,,Rp197.500,Kab. Bandung
"Gamis Putih Pengajian Polos Baju Gamis Syar'i Wanita Lebaran 2023 - Putih, S",Terjual 100+,4.8,5%,,Rp85.025,Kab. Bandung
Gamis Brukat Hitam Wanita/Baju Muslim Umroh/Gamis Muslim Lebaran 055H,Terjual 20,5.0,,,Rp182.700,Jakarta Utara
PA220 Kaos Baju Lebaran Text Kata Premium Distro kaos pria wanita Tshi,,,,,Rp109.000,Jakarta Barat
SS417 Kaos Baju Lebaran Text Kata Premium Distro kaos pria wanita Tshi,,,,,Rp109.000,Jakarta Barat
STY Busana muslim lebaran Baju couple sepasang pria wanita Cp family,,,,,Rp423.000,Jakarta Timur
BAJU LEBARAN COUPLE/ SET BAJU MUSLIM PRIA WANITA/ HIDAYAH - TT/ KAFTAN,,,,,Rp286.000,Surabaya
Baju Couple Lebaran Pria dan Wanita Baju Muslim Lebaran Syafiqa Polos,,,,,Rp137.000,Jakarta Pusat
"Kaos Distro Pria Wanita ""Baju Lebaran"" Tumblr Tee Triple D",,,,,Rp112.000,Jakarta Barat
SPESIAL BAJU LEBARAN COUPLE / COUPLE PASANGANG WANITA PRIA / CP SET,,,,,Rp230.000,Jakarta Utara
Baju Couple Muslim Pria dan Wanita Terbaru Baju Couple Lebaran Mileena,,,,,Rp154.000,Jakarta Pusat
AMEENA BAJU LEBARAN COUPLE SUAMI ISTRI / SET BAJU KEMBARAN PRIA WANITA,,,,,Rp261.000,Tangerang
ELEGAN COUPLE BUSANA LEBARAN MUSLIM GAMIS PUTIH WANITA DAN KEMEJA PRIA,,,,,Rp143.000,Depok
"Kaos Keren ""Baju Lebaran Pluralisme"" Pria Wanita Bahan Combed 30S",,,,,Rp250.000,Surabaya
SPESIAL BAJU LEBARAN COUPLE / COUPLE PASANGANG WANITA PRIA / CP SET,,,,,Rp257.900,Surabaya
Baju Couple Muslim Pria dan Wanita Lebaran Baju Pasangan Agoda Brukat,,,,,Rp160.000,Jakarta Pusat
baru BATIK MODERN PRIA WANITA / BAJU COUPLE KELUARGA / BAJU LEBARAN -,,,,,Rp263.000,Kab. Bogor
baju couple lebaran 2022 pasangan pria wanita kapelan keluarga Murah,,,,,Rp267.400,Jakarta Timur
baru Set Couple Batik Pria Wanita / Baju Lebaran Couple Family - NEW,,,,,Rp256.000,Kab. Bogor
Set Couple Batik Pria Wanita / Baju Lebaran Couple Family - NEW Series,,,,,Rp374.000,Surabaya
Kaos Kata Kata Distro Baju Lebaran Keren Original Pria Wanita,,,,,Rp99.000,Tangerang
BAJU KAOS ATASAN MUSLIM LEBARAN KELUARGA WANITA PRIA / BAJU KAOS,,,,,Rp136.000,Jakarta Utara
baju kaos latahzan DONT BE SAD islam lebaran combed 30s pria wanita,,,,Cashback 10 rb,Rp45.800,Depok
KAOS DISTRO PRIA WANITA KURT COBAIN X PULL&BEAR - BAJU LEBARAN PRIA,,,,,Rp45.000,Jakarta Selatan
Populer baju couple sepasang pria wanita edisi lebaran dress terbaru,,,,,Rp246.000,Jakarta Barat
Baju Couple Muslim Batik Pria dan Wanita Baju Lebaran Couple Elegan,,,,,Rp167.000,Jakarta Pusat
Baju Couple Muslim Katun Rayon Baju Couple Lebaran Pria Wanita Scorpi,,,,,Rp160.000,Jakarta Pusat
Baju Couple Lebaran Muslim Pasangan Pria dan Wanita Couple Zulaikha,,,,,Rp169.000,Jakarta Pusat
Baju Kaos Pria Dewasa Wanita Anak Muslim Ramadan Lebaran Idul Fitri,,,,,Rp104.000,Jakarta Selatan
Baju Kaos Pria Dewasa Wanita Anak Muslim Ramadan Idul Fitri Lebaran,,,,,Rp100.000,Jakarta Selatan
DK450LO/ KAOS LEBARAN / BAJU LEBARAN / KAOS DISTRO PRIA WANITA LEBARAN,Terjual 15,5.0,,Diskon 2%,Rp49.900,Kab. Tangerang
Baju pakaian pria wanita couple muslim lebaran sepasang 016,,,,,Rp168.000,Bandung
S067 bukan baju lebaran bukan kaos lebaran pria wanita,,,,,Rp50.000,Kab. Cianjur
Kemeja pendek pria wanita modern retro vintage putih casual lebaran,,,,,Rp199.999,Jakarta Selatan
Baju kaos muslim lebaran Eid Mubarak Pria Wanita Terbaru,Terjual 18,4.0,,Cashback 5 rb,Rp29.900,Jakarta Barat
Kaos Distro Kata Baju Lebaran Cotton Combed Premium 24s Pria Wanita,Terjual 11,5.0,,,Rp75.000,Bekasi
Baju Kaos Pria wanita Lebaran Idul Adha Cotton Combed 30s,,,,,Rp18.900,Jakarta Pusat
BATIK MODERN PRIA WANITA / SET BAJU COUPLE KELUARGA / BAJU LEBARAN -,,,,,Rp368.000,Jakarta Utara
Kemeja set celana pendek retro vintage lebaran pria wanita import sale,,,,,Rp265.000,Jakarta Selatan
KAOS COTTON COMBED 30S BAJU LEBARAN TAHUN LALU PRIA WANITA,,,,,Rp50.000,Jakarta Timur
KAOS KATA - BAJU BARU - T SHIRT PRIA WANITA - LEBARAN,,,,,Rp110.000,Palembang
Kaos Baju Pakaian LEBARAN Pria Wanita,,,,,Rp110.000,Jakarta Timur
Hampers / Parcel Lebaran Baju Polos Lengan Pendek Panjang Pria Wanita,Terjual 16,3.9,,Diskon 10 rb,Rp250.000,Jakarta Timur
Gamis Wanita Polos Crinkle/ Gamis Lebaran terbaru/ Gamis Arumi - Mint,,,,,Rp91.120,Bandung
Gamis Brukat Hitam Wanita/Baju Muslim Umroh/Gamis Muslim Lebaran 008H,Terjual 16,5.0,,,Rp165.200,Jakarta Utara
"Baju Gamis Putih/Busana Muslim Lebaran Haji/Baju Muslim Wanita #877STD - Putih PREMIUM, M",Terjual 500+,5.0,74%,,Rp196.110,Jakarta Utara
Gamis Brukat Hitam Wanita/Baju Muslim Umroh/Gamis Muslim Lebaran 230H - M,Terjual 18,4.9,,,Rp191.400,Jakarta Utara
Baju Gamis Terbaru 2023 Lebaran Wanita Kekinian Bahan Crap Premium,Terjual 100+,4.8,,Diskon Bundling,Rp112.000,Kab. Pekalongan
